{
    "providers": [
        {
            "type": "bitmap",
            "file": "minecraft:font/ascii.png",
            "ascent": 0,
            "chars": [
                "←→↖↗↜↟↢↣↦↤↡↝↘↙↑↔", 
                "↓↕↚↛↞↠↥↧↹↸↴↺↯↮↭↨", 
                "↩↪↰↱↵↻↼⇀⇁↽↷↶↳↲↬↫", 
                "⇄⇅⇆⇋⇌⇎⇑⇖⇙⇓⇏⇍⇉⇇↾↿", 
                "⇃⇂⇊⇈⇐⇒⇔⇕⇭⇪⇥⇤⇡⇞⇜⇗", 
                "⇘⇝⇟⇣⇦⇨⇫⇮⇯⇬⇩⇧⇢⇠⇛⇚", 
                "⇰⇳⇹⇼⇽⇾▢▥▦▣■⇿⇸⇷⇵⇱", 
                "⇲⇶⇺⇻⇴□▤▧▶◁◀▱▰▭▬▨", 
                "►◅◄△▲▯▮▩◊▪▫▴▵◂◃▸", 
                "◗◖●◌◈◇◆▷▻▼▽○◍◓◐◑", 
                "◔◕◒◎◉▿▾▹◙◜◝◠◤◥◩◲", 
                "◳◪◢◣◡◞◟◚◛◘◦◯◧◨◫◻", 
                "∫∮◬◹◸◵◶◱◰◷◴◺◿∱∰∭", 
                "◮◭◾◽◼ↀↃ↉ↆ∂∅∈∋∌∉∆", 
                "∃∀ↇↄↁↂↅↈ∁∄∇∊∍∣∠∝"
            ]
        },
        {
            "type": "bitmap",
            "file": "minecraft:font/button.png",
            "height": 200,
            "ascent": 105,
            "chars": [
                "∑"
            ]
        }
    ]
}