{
  "parent": "minecraft:item/generated",
  "textures": {
    "layer0": "minecraft:item/enchanted_book"
  },
  "overrides": [
    {"predicate": {"custom_model_data": 3}, "model": "custom/bag"},
    {"predicate": {"custom_model_data": 4}, "model": "custom/bagpreta"},
    {"predicate": {"custom_model_data": 5}, "model": "custom/bagroxa"},
    {"predicate": {"custom_model_data": 6}, "model": "custom/baglaranja"},
    {"predicate": {"custom_model_data": 7}, "model": "custom/bagbranco"},
    {"predicate": {"custom_model_data": 8}, "model": "custom/paraglider"}
  ]
}