{
	"parent": "item/generated",
	"textures": {
		"layer0": "minecraft:item/white_dye"
	},
	"overrides": [
		{
			"predicate": {
				"custom_model_data": 1
			},
			"model": "item/animated_java_empty"
		},
		{
			"predicate": {
				"custom_model_data": 2
			},
			"model": "animated_java:item/paraglideranim/head"
		},
		{
			"predicate": {
				"custom_model_data": 3
			},
			"model": "animated_java:item/paraglideranim/body"
		},
		{
			"predicate": {
				"custom_model_data": 4
			},
			"model": "animated_java:item/paraglideranim/rightarm"
		},
		{
			"predicate": {
				"custom_model_data": 5
			},
			"model": "animated_java:item/paraglideranim/leftarm"
		},
		{
			"predicate": {
				"custom_model_data": 6
			},
			"model": "animated_java:item/paraglideranim/rightleg"
		},
		{
			"predicate": {
				"custom_model_data": 7
			},
			"model": "animated_java:item/paraglideranim/leftleg"
		}
	],
	"animated_java": {
		"rigs": {
			"paraglideranim": {
				"used_ids": [
					2,
					3,
					4,
					5,
					6,
					7
				]
			}
		}
	}
}