{
	"credit": "Made with Blockbench",
	"texture_size": [32, 32],
	"textures": {
		"0": "item/backpackbranca",
		"particle": "backpack"
	},
	"elements": [
		{
			"from": [2, 0, 8],
			"to": [12, 11, 12],
			"faces": {
				"north": {"uv": [0, 0, 5, 5.5], "texture": "#0"},
				"east": {"uv": [0, 5.5, 2, 11], "texture": "#0"},
				"south": {"uv": [5, 0, 10, 5.5], "texture": "#0"},
				"west": {"uv": [2, 5.5, 4, 11], "texture": "#0"},
				"up": {"uv": [9, 7.5, 4, 5.5], "texture": "#0"},
				"down": {"uv": [9, 7.5, 4, 9.5], "texture": "#0"}
			}
		},
		{
			"from": [9, 11, 10],
			"to": [10, 12, 11],
			"faces": {
				"north": {"uv": [0, 11, 0.5, 11.5], "texture": "#0"},
				"east": {"uv": [11, 0, 11.5, 0.5], "texture": "#0"},
				"south": {"uv": [0.5, 11, 1, 11.5], "texture": "#0"},
				"west": {"uv": [11, 0.5, 11.5, 1], "texture": "#0"},
				"up": {"uv": [1.5, 11.5, 1, 11], "texture": "#0"},
				"down": {"uv": [11.5, 1, 11, 1.5], "texture": "#0"}
			}
		},
		{
			"from": [4, 11, 10],
			"to": [5, 12, 11],
			"faces": {
				"north": {"uv": [1.5, 11, 2, 11.5], "texture": "#0"},
				"east": {"uv": [11, 1.5, 11.5, 2], "texture": "#0"},
				"south": {"uv": [2, 11, 2.5, 11.5], "texture": "#0"},
				"west": {"uv": [11, 2, 11.5, 2.5], "texture": "#0"},
				"up": {"uv": [3, 11.5, 2.5, 11], "texture": "#0"},
				"down": {"uv": [11.5, 2.5, 11, 3], "texture": "#0"}
			}
		},
		{
			"from": [4, 12, 10],
			"to": [10, 13, 11],
			"faces": {
				"north": {"uv": [10, 4, 13, 4.5], "texture": "#0"},
				"east": {"uv": [3, 11, 3.5, 11.5], "texture": "#0"},
				"south": {"uv": [10, 4.5, 13, 5], "texture": "#0"},
				"west": {"uv": [11, 3, 11.5, 3.5], "texture": "#0"},
				"up": {"uv": [13, 5.5, 10, 5], "texture": "#0"},
				"down": {"uv": [7, 10.5, 4, 11], "texture": "#0"}
			}
		},
		{
			"from": [4, 2, 13],
			"to": [5, 3, 14],
			"faces": {
				"north": {"uv": [3.5, 11, 4, 11.5], "texture": "#0"},
				"east": {"uv": [11, 3.5, 11.5, 4], "texture": "#0"},
				"south": {"uv": [4, 11, 4.5, 11.5], "texture": "#0"},
				"west": {"uv": [4.5, 11, 5, 11.5], "texture": "#0"},
				"up": {"uv": [5.5, 11.5, 5, 11], "texture": "#0"},
				"down": {"uv": [6, 11, 5.5, 11.5], "texture": "#0"}
			}
		},
		{
			"from": [4, 9, 12],
			"to": [5, 10, 13],
			"faces": {
				"north": {"uv": [2.5, 11.5, 3, 12], "texture": "#0"},
				"east": {"uv": [11.5, 2.5, 12, 3], "texture": "#0"},
				"south": {"uv": [3, 11.5, 3.5, 12], "texture": "#0"},
				"west": {"uv": [11.5, 3, 12, 3.5], "texture": "#0"},
				"up": {"uv": [4, 12, 3.5, 11.5], "texture": "#0"},
				"down": {"uv": [12, 3.5, 11.5, 4], "texture": "#0"}
			}
		},
		{
			"from": [4, 8, 13],
			"to": [5, 9, 14],
			"faces": {
				"north": {"uv": [1, 11.5, 1.5, 12], "texture": "#0"},
				"east": {"uv": [11.5, 1, 12, 1.5], "texture": "#0"},
				"south": {"uv": [1.5, 11.5, 2, 12], "texture": "#0"},
				"west": {"uv": [11.5, 1.5, 12, 2], "texture": "#0"},
				"up": {"uv": [2.5, 12, 2, 11.5], "texture": "#0"},
				"down": {"uv": [12, 2, 11.5, 2.5], "texture": "#0"}
			}
		},
		{
			"from": [9, 1, 12],
			"to": [10, 2, 13],
			"faces": {
				"north": {"uv": [2.5, 12, 3, 12.5], "texture": "#0"},
				"east": {"uv": [12, 2.5, 12.5, 3], "texture": "#0"},
				"south": {"uv": [3, 12, 3.5, 12.5], "texture": "#0"},
				"west": {"uv": [12, 3, 12.5, 3.5], "texture": "#0"},
				"up": {"uv": [4, 12.5, 3.5, 12], "texture": "#0"},
				"down": {"uv": [12.5, 3.5, 12, 4], "texture": "#0"}
			}
		},
		{
			"from": [9, 2, 13],
			"to": [10, 3, 14],
			"faces": {
				"north": {"uv": [1, 12, 1.5, 12.5], "texture": "#0"},
				"east": {"uv": [12, 1, 12.5, 1.5], "texture": "#0"},
				"south": {"uv": [1.5, 12, 2, 12.5], "texture": "#0"},
				"west": {"uv": [12, 1.5, 12.5, 2], "texture": "#0"},
				"up": {"uv": [2.5, 12.5, 2, 12], "texture": "#0"},
				"down": {"uv": [12.5, 2, 12, 2.5], "texture": "#0"}
			}
		},
		{
			"from": [9, 3, 14],
			"to": [10, 8, 15],
			"faces": {
				"north": {"uv": [9, 10.5, 9.5, 13], "texture": "#0"},
				"east": {"uv": [9.5, 10.5, 10, 13], "texture": "#0"},
				"south": {"uv": [10, 10.5, 10.5, 13], "texture": "#0"},
				"west": {"uv": [10.5, 10.5, 11, 13], "texture": "#0"},
				"up": {"uv": [1, 12.5, 0.5, 12], "texture": "#0"},
				"down": {"uv": [12.5, 0.5, 12, 1], "texture": "#0"}
			}
		},
		{
			"from": [9, 9, 12],
			"to": [10, 10, 13],
			"faces": {
				"north": {"uv": [11.5, 10.5, 12, 11], "texture": "#0"},
				"east": {"uv": [11, 11.5, 11.5, 12], "texture": "#0"},
				"south": {"uv": [11.5, 11, 12, 11.5], "texture": "#0"},
				"west": {"uv": [11.5, 11.5, 12, 12], "texture": "#0"},
				"up": {"uv": [0.5, 12.5, 0, 12], "texture": "#0"},
				"down": {"uv": [12.5, 0, 12, 0.5], "texture": "#0"}
			}
		},
		{
			"from": [9, 8, 13],
			"to": [10, 9, 14],
			"faces": {
				"north": {"uv": [4, 11.5, 4.5, 12], "texture": "#0"},
				"east": {"uv": [4.5, 11.5, 5, 12], "texture": "#0"},
				"south": {"uv": [5, 11.5, 5.5, 12], "texture": "#0"},
				"west": {"uv": [5.5, 11.5, 6, 12], "texture": "#0"},
				"up": {"uv": [6.5, 12, 6, 11.5], "texture": "#0"},
				"down": {"uv": [7, 11.5, 6.5, 12], "texture": "#0"}
			}
		},
		{
			"from": [4, 3, 14],
			"to": [5, 8, 15],
			"faces": {
				"north": {"uv": [7, 10.5, 7.5, 13], "texture": "#0"},
				"east": {"uv": [7.5, 10.5, 8, 13], "texture": "#0"},
				"south": {"uv": [8, 10.5, 8.5, 13], "texture": "#0"},
				"west": {"uv": [8.5, 10.5, 9, 13], "texture": "#0"},
				"up": {"uv": [1, 12, 0.5, 11.5], "texture": "#0"},
				"down": {"uv": [12, 0.5, 11.5, 1], "texture": "#0"}
			}
		},
		{
			"from": [4, 1, 12],
			"to": [5, 2, 13],
			"faces": {
				"north": {"uv": [6, 11, 6.5, 11.5], "texture": "#0"},
				"east": {"uv": [6.5, 11, 7, 11.5], "texture": "#0"},
				"south": {"uv": [11, 10.5, 11.5, 11], "texture": "#0"},
				"west": {"uv": [11, 11, 11.5, 11.5], "texture": "#0"},
				"up": {"uv": [0.5, 12, 0, 11.5], "texture": "#0"},
				"down": {"uv": [12, 0, 11.5, 0.5], "texture": "#0"}
			}
		},
		{
			"from": [3, 1, 6],
			"to": [11, 5, 8],
			"faces": {
				"north": {"uv": [9, 5.5, 13, 7.5], "texture": "#0"},
				"east": {"uv": [10, 0, 11, 2], "texture": "#0"},
				"south": {"uv": [9, 7.5, 13, 9.5], "texture": "#0"},
				"west": {"uv": [10, 2, 11, 4], "texture": "#0"},
				"up": {"uv": [8, 10.5, 4, 9.5], "texture": "#0"},
				"down": {"uv": [12, 9.5, 8, 10.5], "texture": "#0"}
			}
		}
	],
	"display": {
		"thirdperson_righthand": {
			"rotation": [59.02, 62.9, -16.58],
			"translation": [0, 5, 0]
		},
		"thirdperson_lefthand": {
			"rotation": [72.19, 71.88, -16.25],
			"translation": [-3.5, 3.75, 3.5]
		},
		"firstperson_lefthand": {
			"rotation": [-170.5, 68.75, -180],
			"translation": [0, 0, -1.25]
		},
		"ground": {
			"translation": [1.5, 4.75, 0],
			"scale": [0.97852, 1, 1]
		},
		"gui": {
			"rotation": [0, -180, 0],
			"translation": [-0.5, 1.25, 0]
		},
		"head": {
			"rotation": [-180, -1, -180],
			"translation": [-1.25, -12.25, 9.5],
			"scale": [1.5, 1.5, 1.5]
		},
		"fixed": {
			"translation": [1, 1.75, -2.75]
		}
	}
}