{
	"credit": "Made with Blockbench",
	"texture_size": [32, 32],
	"textures": {
		"0": "item/checkpointnotset",
		"particle": "item/checkpointnotset"
	},
	"elements": [
		{
			"from": [4, 0, 7],
			"to": [12, 13, 10],
			"faces": {
				"north": {"uv": [0, 0, 4, 6.5], "texture": "#0"},
				"east": {"uv": [0, 6.5, 1.5, 13], "texture": "#0"},
				"south": {"uv": [4, 0, 8, 6.5], "texture": "#0"},
				"west": {"uv": [1.5, 6.5, 3, 13], "texture": "#0"},
				"up": {"uv": [7, 8, 3, 6.5], "texture": "#0"},
				"down": {"uv": [11, 6.5, 7, 8], "texture": "#0"}
			}
		},
		{
			"from": [5, 13, 8],
			"to": [6, 19, 9],
			"faces": {
				"north": {"uv": [7, 9, 7.5, 12], "texture": "#0"},
				"east": {"uv": [7.5, 9, 8, 12], "texture": "#0"},
				"south": {"uv": [8, 9, 8.5, 12], "texture": "#0"},
				"west": {"uv": [9, 8, 9.5, 11], "texture": "#0"},
				"up": {"uv": [11.5, 0.5, 11, 0], "texture": "#0"},
				"down": {"uv": [11.5, 0.5, 11, 1], "texture": "#0"}
			}
		},
		{
			"from": [6, 7, 5],
			"to": [10, 11, 7],
			"faces": {
				"north": {"uv": [3, 8, 5, 10], "texture": "#0"},
				"east": {"uv": [5, 8, 6, 10], "texture": "#0"},
				"south": {"uv": [8, 3, 10, 5], "texture": "#0"},
				"west": {"uv": [6, 8, 7, 10], "texture": "#0"},
				"up": {"uv": [10, 6, 8, 5], "texture": "#0"},
				"down": {"uv": [9, 8, 7, 9], "texture": "#0"}
			}
		},
		{
			"from": [6, 11, 6],
			"to": [10, 12, 7],
			"faces": {
				"north": {"uv": [9.5, 8.5, 11.5, 9], "texture": "#0"},
				"east": {"uv": [11, 1, 11.5, 1.5], "texture": "#0"},
				"south": {"uv": [9.5, 9, 11.5, 9.5], "texture": "#0"},
				"west": {"uv": [11, 1.5, 11.5, 2], "texture": "#0"},
				"up": {"uv": [11.5, 10, 9.5, 9.5], "texture": "#0"},
				"down": {"uv": [5, 10, 3, 10.5], "texture": "#0"}
			}
		},
		{
			"from": [10, 7, 6],
			"to": [11, 11, 7],
			"faces": {
				"north": {"uv": [6, 10, 6.5, 12], "texture": "#0"},
				"east": {"uv": [6.5, 10, 7, 12], "texture": "#0"},
				"south": {"uv": [9.5, 10, 10, 12], "texture": "#0"},
				"west": {"uv": [10, 10, 10.5, 12], "texture": "#0"},
				"up": {"uv": [3.5, 11.5, 3, 11], "texture": "#0"},
				"down": {"uv": [4, 11, 3.5, 11.5], "texture": "#0"}
			}
		},
		{
			"from": [5, 7, 6],
			"to": [6, 11, 7],
			"faces": {
				"north": {"uv": [8.5, 9, 9, 11], "texture": "#0"},
				"east": {"uv": [10, 3, 10.5, 5], "texture": "#0"},
				"south": {"uv": [5, 10, 5.5, 12], "texture": "#0"},
				"west": {"uv": [5.5, 10, 6, 12], "texture": "#0"},
				"up": {"uv": [11.5, 2.5, 11, 2], "texture": "#0"},
				"down": {"uv": [11.5, 2.5, 11, 3], "texture": "#0"}
			}
		},
		{
			"from": [6, 6, 6],
			"to": [10, 7, 7],
			"faces": {
				"north": {"uv": [10, 5, 12, 5.5], "texture": "#0"},
				"east": {"uv": [11, 3.5, 11.5, 4], "texture": "#0"},
				"south": {"uv": [10, 5.5, 12, 6], "texture": "#0"},
				"west": {"uv": [4, 11, 4.5, 11.5], "texture": "#0"},
				"up": {"uv": [5, 11, 3, 10.5], "texture": "#0"},
				"down": {"uv": [12.5, 3, 10.5, 3.5], "texture": "#0"}
			}
		},
		{
			"from": [5, 1, 6],
			"to": [11, 4, 7],
			"faces": {
				"north": {"uv": [8, 0, 11, 1.5], "texture": "#0"},
				"east": {"uv": [10.5, 3.5, 11, 5], "texture": "#0"},
				"south": {"uv": [8, 1.5, 11, 3], "texture": "#0"},
				"west": {"uv": [10.5, 10, 11, 11.5], "texture": "#0"},
				"up": {"uv": [11, 6.5, 8, 6], "texture": "#0"},
				"down": {"uv": [12.5, 8, 9.5, 8.5], "texture": "#0"}
			}
		}
	],
	"display": {
		"thirdperson_righthand": {
			"rotation": [-19, 150, 26],
			"translation": [-3, 2.25, 1.25],
			"scale": [0.5, 0.5, 0.5]
		},
		"thirdperson_lefthand": {
			"rotation": [-7, 150, 23],
			"translation": [-3, 2.25, 1.25],
			"scale": [0.5, 0.5, 0.5]
		},
		"firstperson_righthand": {
			"rotation": [0, 138, 0],
			"translation": [0, 0, -6]
		},
		"firstperson_lefthand": {
			"rotation": [0, 138, 0],
			"translation": [0, 0, -6]
		},
		"ground": {
			"rotation": [34, 0, 0],
			"translation": [0, 1, 0],
			"scale": [0.5, 0.5, 0.5]
		},
		"gui": {
			"rotation": [0, 180, 0],
			"translation": [0, -1.5, 0],
			"scale": [0.8, 0.8, 0.8]
		}
	}
}