{
	"credit": "Made with Blockbench",
	"texture_size": [32, 32],
	"elements": [
		{
			"from": [-15, -13, 0],
			"to": [31, 21.5, 1],
			"faces": {
				"north": {"uv": [0, 0, 7.875, 5.875], "texture": "#missing"},
				"east": {"uv": [8, 4, 8.5, 9.875], "texture": "#missing"},
				"south": {"uv": [0, 6, 7.875, 11.875], "texture": "#missing"},
				"west": {"uv": [8.5, 4, 9, 9.875], "texture": "#missing"},
				"up": {"uv": [15.875, 2.5, 8, 2], "texture": "#missing"},
				"down": {"uv": [15.875, 2.5, 8, 3], "texture": "#missing"}
			}
		},
		{
			"from": [-15, 21, 0],
			"to": [-13, 30.5, 1],
			"color": 6,
			"faces": {
				"north": {"uv": [0, 0, 7.875, 5.875], "texture": "#missing"},
				"east": {"uv": [8, 4, 8.5, 9.875], "texture": "#missing"},
				"south": {"uv": [0, 6, 7.875, 11.875], "texture": "#missing"},
				"west": {"uv": [8.5, 4, 9, 9.875], "texture": "#missing"},
				"up": {"uv": [15.875, 2.5, 8, 2], "texture": "#missing"},
				"down": {"uv": [15.875, 2.5, 8, 3], "texture": "#missing"}
			}
		},
		{
			"from": [15.8, 21, 0],
			"to": [31, 30.5, 1],
			"color": 6,
			"faces": {
				"north": {"uv": [0, 0, 7.875, 5.875], "texture": "#missing"},
				"east": {"uv": [8, 4, 8.5, 9.875], "texture": "#missing"},
				"south": {"uv": [0, 6, 7.875, 11.875], "texture": "#missing"},
				"west": {"uv": [8.5, 4, 9, 9.875], "texture": "#missing"},
				"up": {"uv": [15.875, 2.5, 8, 2], "texture": "#missing"},
				"down": {"uv": [15.875, 2.5, 8, 3], "texture": "#missing"}
			}
		},
		{
			"from": [-13.2, 25.3, 0],
			"to": [16.2, 30.5, 1],
			"color": 6,
			"faces": {
				"north": {"uv": [0, 0, 7.875, 5.875], "texture": "#missing"},
				"east": {"uv": [8, 4, 8.5, 9.875], "texture": "#missing"},
				"south": {"uv": [0, 6, 7.875, 11.875], "texture": "#missing"},
				"west": {"uv": [8.5, 4, 9, 9.875], "texture": "#missing"},
				"up": {"uv": [15.875, 2.5, 8, 2], "texture": "#missing"},
				"down": {"uv": [15.875, 2.5, 8, 3], "texture": "#missing"}
			}
		}
	],
	"display": {
		"gui": {
			"rotation": [0, -180, 0],
			"translation": [4.2, -34.2, 0],
			"scale": [3.8, 4, 0]
		}
	}
}