{
	"credit": "Made with Blockbench",
	"texture_size": [32, 32],
	"textures": {
		"0": "item/paraglaide",
		"particle": "paraglaide"
	},
	"elements": [
		{
			"from": [-1, 2, 3],
			"to": [1, 5, 4],
			"faces": {
				"north": {"uv": [12, 6.5, 13, 8], "texture": "#0"},
				"east": {"uv": [2.5, 12.5, 3, 14], "texture": "#0"},
				"south": {"uv": [7, 12, 8, 13.5], "texture": "#0"},
				"west": {"uv": [3, 12.5, 3.5, 14], "texture": "#0"},
				"up": {"uv": [1, 14.5, 0, 14], "texture": "#0"},
				"down": {"uv": [2, 14, 1, 14.5], "texture": "#0"}
			}
		},
		{
			"from": [0, 1, 4],
			"to": [2, 2, 5],
			"faces": {
				"north": {"uv": [13, 6.5, 14, 7], "texture": "#0"},
				"east": {"uv": [5.5, 12.5, 6, 13], "texture": "#0"},
				"south": {"uv": [13, 7, 14, 7.5], "texture": "#0"},
				"west": {"uv": [5.5, 13, 6, 13.5], "texture": "#0"},
				"up": {"uv": [14, 8, 13, 7.5], "texture": "#0"},
				"down": {"uv": [10, 13, 9, 13.5], "texture": "#0"}
			}
		},
		{
			"from": [0, 1, 11],
			"to": [2, 2, 12],
			"faces": {
				"north": {"uv": [10, 13, 11, 13.5], "texture": "#0"},
				"east": {"uv": [2, 14, 2.5, 14.5], "texture": "#0"},
				"south": {"uv": [11, 13, 12, 13.5], "texture": "#0"},
				"west": {"uv": [2.5, 14, 3, 14.5], "texture": "#0"},
				"up": {"uv": [14, 11.5, 13, 11], "texture": "#0"},
				"down": {"uv": [13.5, 13, 12.5, 13.5], "texture": "#0"}
			}
		},
		{
			"from": [1, 0, 5],
			"to": [3, 1, 11],
			"faces": {
				"north": {"uv": [3.5, 13.5, 4.5, 14], "texture": "#0"},
				"east": {"uv": [11, 10, 14, 10.5], "texture": "#0"},
				"south": {"uv": [4.5, 13.5, 5.5, 14], "texture": "#0"},
				"west": {"uv": [11, 10.5, 14, 11], "texture": "#0"},
				"up": {"uv": [10, 8, 9, 5], "texture": "#0"},
				"down": {"uv": [10, 8, 9, 11], "texture": "#0"}
			}
		},
		{
			"from": [15, 2, 12],
			"to": [17, 5, 13],
			"faces": {
				"north": {"uv": [11, 5, 12, 6.5], "texture": "#0"},
				"east": {"uv": [8, 12, 8.5, 13.5], "texture": "#0"},
				"south": {"uv": [11, 6.5, 12, 8], "texture": "#0"},
				"west": {"uv": [8.5, 12, 9, 13.5], "texture": "#0"},
				"up": {"uv": [4.5, 13, 3.5, 12.5], "texture": "#0"},
				"down": {"uv": [5.5, 12.5, 4.5, 13], "texture": "#0"}
			}
		},
		{
			"from": [14, 1, 11],
			"to": [16, 2, 12],
			"faces": {
				"north": {"uv": [12.5, 13.5, 13.5, 14], "texture": "#0"},
				"east": {"uv": [4, 14, 4.5, 14.5], "texture": "#0"},
				"south": {"uv": [13.5, 12.5, 14.5, 13], "texture": "#0"},
				"west": {"uv": [4.5, 14, 5, 14.5], "texture": "#0"},
				"up": {"uv": [14.5, 13.5, 13.5, 13], "texture": "#0"},
				"down": {"uv": [14.5, 13.5, 13.5, 14], "texture": "#0"}
			}
		},
		{
			"from": [15, 2, 3],
			"to": [17, 5, 4],
			"faces": {
				"north": {"uv": [12, 5, 13, 6.5], "texture": "#0"},
				"east": {"uv": [1.5, 12.5, 2, 14], "texture": "#0"},
				"south": {"uv": [6, 12, 7, 13.5], "texture": "#0"},
				"west": {"uv": [2, 12.5, 2.5, 14], "texture": "#0"},
				"up": {"uv": [12.5, 14, 11.5, 13.5], "texture": "#0"},
				"down": {"uv": [14.5, 12, 13.5, 12.5], "texture": "#0"}
			}
		},
		{
			"from": [14, 1, 4],
			"to": [16, 2, 5],
			"faces": {
				"north": {"uv": [7.5, 13.5, 8.5, 14], "texture": "#0"},
				"east": {"uv": [3, 14, 3.5, 14.5], "texture": "#0"},
				"south": {"uv": [8.5, 13.5, 9.5, 14], "texture": "#0"},
				"west": {"uv": [3.5, 14, 4, 14.5], "texture": "#0"},
				"up": {"uv": [10.5, 14, 9.5, 13.5], "texture": "#0"},
				"down": {"uv": [11.5, 13.5, 10.5, 14], "texture": "#0"}
			}
		},
		{
			"from": [13, 0, 5],
			"to": [15, 1, 11],
			"faces": {
				"north": {"uv": [5.5, 13.5, 6.5, 14], "texture": "#0"},
				"east": {"uv": [0, 12, 3, 12.5], "texture": "#0"},
				"south": {"uv": [6.5, 13.5, 7.5, 14], "texture": "#0"},
				"west": {"uv": [3, 12, 6, 12.5], "texture": "#0"},
				"up": {"uv": [11, 8, 10, 5], "texture": "#0"},
				"down": {"uv": [11, 8, 10, 11], "texture": "#0"}
			}
		},
		{
			"from": [-1, 2, 12],
			"to": [1, 5, 13],
			"faces": {
				"north": {"uv": [11, 8, 12, 9.5], "texture": "#0"},
				"east": {"uv": [12, 12, 12.5, 13.5], "texture": "#0"},
				"south": {"uv": [9, 11, 10, 12.5], "texture": "#0"},
				"west": {"uv": [0, 12.5, 0.5, 14], "texture": "#0"},
				"up": {"uv": [10, 13, 9, 12.5], "texture": "#0"},
				"down": {"uv": [13.5, 12, 12.5, 12.5], "texture": "#0"}
			}
		},
		{
			"from": [-1, 5, 2],
			"to": [1, 6, 14],
			"faces": {
				"north": {"uv": [12.5, 12.5, 13.5, 13], "texture": "#0"},
				"east": {"uv": [9, 0, 15, 0.5], "texture": "#0"},
				"south": {"uv": [3.5, 13, 4.5, 13.5], "texture": "#0"},
				"west": {"uv": [9, 0.5, 15, 1], "texture": "#0"},
				"up": {"uv": [7, 12, 6, 6], "texture": "#0"},
				"down": {"uv": [8, 6, 7, 12], "texture": "#0"}
			}
		},
		{
			"from": [1, 6, 2],
			"to": [5, 7, 14],
			"faces": {
				"north": {"uv": [12, 8, 14, 8.5], "texture": "#0"},
				"east": {"uv": [9, 1, 15, 1.5], "texture": "#0"},
				"south": {"uv": [12, 8.5, 14, 9], "texture": "#0"},
				"west": {"uv": [9, 1.5, 15, 2], "texture": "#0"},
				"up": {"uv": [2, 12, 0, 6], "texture": "#0"},
				"down": {"uv": [8, 0, 6, 6], "texture": "#0"}
			}
		},
		{
			"from": [5, 7, 2],
			"to": [11, 8, 14],
			"faces": {
				"north": {"uv": [11, 9.5, 14, 10], "texture": "#0"},
				"east": {"uv": [9, 2, 15, 2.5], "texture": "#0"},
				"south": {"uv": [10, 11, 13, 11.5], "texture": "#0"},
				"west": {"uv": [9, 2.5, 15, 3], "texture": "#0"},
				"up": {"uv": [3, 6, 0, 0], "texture": "#0"},
				"down": {"uv": [6, 0, 3, 6], "texture": "#0"}
			}
		},
		{
			"from": [15, 5, 2],
			"to": [17, 6, 14],
			"faces": {
				"north": {"uv": [4.5, 13, 5.5, 13.5], "texture": "#0"},
				"east": {"uv": [9, 4, 15, 4.5], "texture": "#0"},
				"south": {"uv": [13, 5, 14, 5.5], "texture": "#0"},
				"west": {"uv": [9, 4.5, 15, 5], "texture": "#0"},
				"up": {"uv": [9, 6, 8, 0], "texture": "#0"},
				"down": {"uv": [9, 6, 8, 12], "texture": "#0"}
			}
		},
		{
			"from": [11, 6, 2],
			"to": [15, 7, 14],
			"faces": {
				"north": {"uv": [12, 9, 14, 9.5], "texture": "#0"},
				"east": {"uv": [9, 3, 15, 3.5], "texture": "#0"},
				"south": {"uv": [12, 11.5, 14, 12], "texture": "#0"},
				"west": {"uv": [9, 3.5, 15, 4], "texture": "#0"},
				"up": {"uv": [4, 12, 2, 6], "texture": "#0"},
				"down": {"uv": [6, 6, 4, 12], "texture": "#0"}
			}
		}
	],
	"display": {
		"thirdperson_righthand": {
			"rotation": [-91, 0, 0],
			"translation": [-6, -2, -7.5]
		},
		"thirdperson_lefthand": {
			"rotation": [-91, 0, 0],
			"translation": [-6, -2, -7.5]
		},
		"firstperson_righthand": {
			"translation": [-8.75, 15, 9]
		}
	}
}