{
	"credit": "Made with Blockbench",
	"parent": "richas",
	"texture_size": [64, 64],
	"textures": {
		"0": "item/richas",
		"particle": "richas"
	},
	"elements": [
		{
			"from": [11, 3, 2],
			"to": [14, 10, 2],
			"faces": {
				"north": {"uv": [5.5, 8.25, 6.25, 10], "texture": "#0"},
				"east": {"uv": [0, 0, 0, 1.75], "texture": "#0"},
				"south": {"uv": [8.5, 0, 9.25, 1.75], "texture": "#0"},
				"west": {"uv": [0, 0, 0, 1.75], "texture": "#0"},
				"up": {"uv": [0.75, 0, 0, 0], "texture": "#0"},
				"down": {"uv": [0.75, 0, 0, 0], "texture": "#0"}
			}
		},
		{
			"from": [12, 10, 2],
			"to": [14, 11, 2],
			"faces": {
				"north": {"uv": [7.25, 1.75, 7.75, 2], "texture": "#0"},
				"east": {"uv": [0, 0, 0, 0.25], "texture": "#0"},
				"south": {"uv": [9, 7.75, 9.5, 8], "texture": "#0"},
				"west": {"uv": [0, 0, 0, 0.25], "texture": "#0"},
				"up": {"uv": [0.5, 0, 0, 0], "texture": "#0"},
				"down": {"uv": [0.5, 0, 0, 0], "texture": "#0"}
			}
		},
		{
			"from": [3, 10, 2],
			"to": [5, 11, 2],
			"faces": {
				"north": {"uv": [12, 2.5, 12.5, 2.75], "texture": "#0"},
				"east": {"uv": [0, 0, 0, 0.25], "texture": "#0"},
				"south": {"uv": [1.25, 12.25, 1.75, 12.5], "texture": "#0"},
				"west": {"uv": [0, 0, 0, 0.25], "texture": "#0"},
				"up": {"uv": [0.5, 0, 0, 0], "texture": "#0"},
				"down": {"uv": [0.5, 0, 0, 0], "texture": "#0"}
			}
		},
		{
			"from": [3, 3, 2],
			"to": [6, 10, 2],
			"faces": {
				"north": {"uv": [8.75, 3.25, 9.5, 5], "texture": "#0"},
				"east": {"uv": [0, 0, 0, 1.75], "texture": "#0"},
				"south": {"uv": [6.25, 8.75, 7, 10.5], "texture": "#0"},
				"west": {"uv": [0, 0, 0, 1.75], "texture": "#0"},
				"up": {"uv": [0.75, 0, 0, 0], "texture": "#0"},
				"down": {"uv": [0.75, 0, 0, 0], "texture": "#0"}
			}
		},
		{
			"from": [14, 3, 2],
			"to": [14, 11, 14],
			"faces": {
				"north": {"uv": [0, 0, 0, 2], "texture": "#0"},
				"east": {"uv": [0, 0, 3, 2], "texture": "#0"},
				"south": {"uv": [0, 0, 0, 2], "texture": "#0"},
				"west": {"uv": [0, 2, 3, 4], "texture": "#0"},
				"up": {"uv": [0, 3, 0, 0], "texture": "#0"},
				"down": {"uv": [0, 0, 0, 3], "texture": "#0"}
			}
		},
		{
			"from": [14, 2, 3],
			"to": [14, 3, 13],
			"faces": {
				"north": {"uv": [0, 0, 0, 0.25], "texture": "#0"},
				"east": {"uv": [9.25, 1.5, 11.75, 1.75], "texture": "#0"},
				"south": {"uv": [0, 0, 0, 0.25], "texture": "#0"},
				"west": {"uv": [9.75, 6.5, 12.25, 6.75], "texture": "#0"},
				"up": {"uv": [0, 2.5, 0, 0], "texture": "#0"},
				"down": {"uv": [0, 0, 0, 2.5], "texture": "#0"}
			}
		},
		{
			"from": [3, 2, 3],
			"to": [3, 3, 13],
			"faces": {
				"north": {"uv": [0, 0, 0, 0.25], "texture": "#0"},
				"east": {"uv": [10, 9.75, 12.5, 10], "texture": "#0"},
				"south": {"uv": [0, 0, 0, 0.25], "texture": "#0"},
				"west": {"uv": [10, 10, 12.5, 10.25], "texture": "#0"},
				"up": {"uv": [0, 2.5, 0, 0], "texture": "#0"},
				"down": {"uv": [0, 0, 0, 2.5], "texture": "#0"}
			}
		},
		{
			"from": [3, 3, 2],
			"to": [3, 11, 14],
			"faces": {
				"north": {"uv": [0, 0, 0, 2], "texture": "#0"},
				"east": {"uv": [3, 0, 6, 2], "texture": "#0"},
				"south": {"uv": [0, 0, 0, 2], "texture": "#0"},
				"west": {"uv": [3, 2, 6, 4], "texture": "#0"},
				"up": {"uv": [0, 3, 0, 0], "texture": "#0"},
				"down": {"uv": [0, 0, 0, 3], "texture": "#0"}
			}
		},
		{
			"from": [3, 10, 14],
			"to": [5, 11, 14],
			"faces": {
				"north": {"uv": [12.25, 2, 12.75, 2.25], "texture": "#0"},
				"east": {"uv": [0, 0, 0, 0.25], "texture": "#0"},
				"south": {"uv": [2.25, 12.25, 2.75, 12.5], "texture": "#0"},
				"west": {"uv": [0, 0, 0, 0.25], "texture": "#0"},
				"up": {"uv": [0.5, 0, 0, 0], "texture": "#0"},
				"down": {"uv": [0.5, 0, 0, 0], "texture": "#0"}
			}
		},
		{
			"from": [12, 10, 14],
			"to": [14, 11, 14],
			"faces": {
				"north": {"uv": [1.75, 12.25, 2.25, 12.5], "texture": "#0"},
				"east": {"uv": [0, 0, 0, 0.25], "texture": "#0"},
				"south": {"uv": [12.25, 1.75, 12.75, 2], "texture": "#0"},
				"west": {"uv": [0, 0, 0, 0.25], "texture": "#0"},
				"up": {"uv": [0.5, 0, 0, 0], "texture": "#0"},
				"down": {"uv": [0.5, 0, 0, 0], "texture": "#0"}
			}
		},
		{
			"from": [11, 3, 14],
			"to": [14, 10, 14],
			"faces": {
				"north": {"uv": [1.25, 9, 2, 10.75], "texture": "#0"},
				"east": {"uv": [0, 0, 0, 1.75], "texture": "#0"},
				"south": {"uv": [9, 5, 9.75, 6.75], "texture": "#0"},
				"west": {"uv": [0, 0, 0, 1.75], "texture": "#0"},
				"up": {"uv": [0.75, 0, 0, 0], "texture": "#0"},
				"down": {"uv": [0.75, 0, 0, 0], "texture": "#0"}
			}
		},
		{
			"from": [6, 2, 14],
			"to": [11, 9, 14],
			"faces": {
				"north": {"uv": [1.25, 7.25, 2.5, 9], "texture": "#0"},
				"east": {"uv": [0, 0, 0, 1.75], "texture": "#0"},
				"south": {"uv": [7.5, 3.25, 8.75, 5], "texture": "#0"},
				"west": {"uv": [0, 0, 0, 1.75], "texture": "#0"},
				"up": {"uv": [1.25, 0, 0, 0], "texture": "#0"},
				"down": {"uv": [1.25, 0, 0, 0], "texture": "#0"}
			}
		},
		{
			"from": [3, 3, 14],
			"to": [6, 10, 14],
			"faces": {
				"north": {"uv": [7, 8.75, 7.75, 10.5], "texture": "#0"},
				"east": {"uv": [0, 0, 0, 1.75], "texture": "#0"},
				"south": {"uv": [8.75, 8, 9.5, 9.75], "texture": "#0"},
				"west": {"uv": [0, 0, 0, 1.75], "texture": "#0"},
				"up": {"uv": [0.75, 0, 0, 0], "texture": "#0"},
				"down": {"uv": [0.75, 0, 0, 0], "texture": "#0"}
			}
		},
		{
			"from": [4, 2, 2],
			"to": [6, 3, 2],
			"faces": {
				"north": {"uv": [12.25, 2.25, 12.75, 2.5], "texture": "#0"},
				"east": {"uv": [0, 0, 0, 0.25], "texture": "#0"},
				"south": {"uv": [2.75, 12.25, 3.25, 12.5], "texture": "#0"},
				"west": {"uv": [0, 0, 0, 0.25], "texture": "#0"},
				"up": {"uv": [0.5, 0, 0, 0], "texture": "#0"},
				"down": {"uv": [0.5, 0, 0, 0], "texture": "#0"}
			}
		},
		{
			"from": [11, 2, 2],
			"to": [13, 3, 2],
			"faces": {
				"north": {"uv": [3.75, 12.25, 4.25, 12.5], "texture": "#0"},
				"east": {"uv": [0, 0, 0, 0.25], "texture": "#0"},
				"south": {"uv": [4.25, 12.25, 4.75, 12.5], "texture": "#0"},
				"west": {"uv": [0, 0, 0, 0.25], "texture": "#0"},
				"up": {"uv": [0.5, 0, 0, 0], "texture": "#0"},
				"down": {"uv": [0.5, 0, 0, 0], "texture": "#0"}
			}
		},
		{
			"from": [4, 2, 14],
			"to": [6, 3, 14],
			"faces": {
				"north": {"uv": [12.25, 6.5, 12.75, 6.75], "texture": "#0"},
				"east": {"uv": [0, 0, 0, 0.25], "texture": "#0"},
				"south": {"uv": [6.75, 12.25, 7.25, 12.5], "texture": "#0"},
				"west": {"uv": [0, 0, 0, 0.25], "texture": "#0"},
				"up": {"uv": [0.5, 0, 0, 0], "texture": "#0"},
				"down": {"uv": [0.5, 0, 0, 0], "texture": "#0"}
			}
		},
		{
			"from": [11, 2, 14],
			"to": [13, 3, 14],
			"faces": {
				"north": {"uv": [4.75, 12.25, 5.25, 12.5], "texture": "#0"},
				"east": {"uv": [0, 0, 0, 0.25], "texture": "#0"},
				"south": {"uv": [5.25, 12.25, 5.75, 12.5], "texture": "#0"},
				"west": {"uv": [0, 0, 0, 0.25], "texture": "#0"},
				"up": {"uv": [0.5, 0, 0, 0], "texture": "#0"},
				"down": {"uv": [0.5, 0, 0, 0], "texture": "#0"}
			}
		},
		{
			"from": [6, 2, 2],
			"to": [11, 9, 2],
			"faces": {
				"north": {"uv": [6.5, 7, 7.75, 8.75], "texture": "#0"},
				"east": {"uv": [0, 0, 0, 1.75], "texture": "#0"},
				"south": {"uv": [7.25, 0, 8.5, 1.75], "texture": "#0"},
				"west": {"uv": [0, 0, 0, 1.75], "texture": "#0"},
				"up": {"uv": [1.25, 0, 0, 0], "texture": "#0"},
				"down": {"uv": [1.25, 0, 0, 0], "texture": "#0"}
			}
		},
		{
			"from": [14, 3, 6],
			"to": [16, 9, 10],
			"faces": {
				"north": {"uv": [9.75, 5, 10.25, 6.5], "texture": "#0"},
				"east": {"uv": [7.75, 8, 8.75, 9.5], "texture": "#0"},
				"south": {"uv": [8.75, 9.75, 9.25, 11.25], "texture": "#0"},
				"west": {"uv": [2.5, 8.25, 3.5, 9.75], "texture": "#0"},
				"up": {"uv": [3.5, 7, 3, 6], "texture": "#0"},
				"down": {"uv": [3, 7.25, 2.5, 8.25], "texture": "#0"}
			}
		},
		{
			"from": [1, 3, 6],
			"to": [3, 9, 10],
			"faces": {
				"north": {"uv": [10, 3.5, 10.5, 5], "texture": "#0"},
				"east": {"uv": [3.5, 8.25, 4.5, 9.75], "texture": "#0"},
				"south": {"uv": [5.5, 10, 6, 11.5], "texture": "#0"},
				"west": {"uv": [4.5, 8.25, 5.5, 9.75], "texture": "#0"},
				"up": {"uv": [7.5, 11.5, 7, 10.5], "texture": "#0"},
				"down": {"uv": [11.25, 0.5, 10.75, 1.5], "texture": "#0"}
			}
		},
		{
			"from": [8, 7, 9],
			"to": [9, 8, 12],
			"faces": {
				"north": {"uv": [3.25, 12.25, 3.5, 12.5], "texture": "#0"},
				"east": {"uv": [1.25, 10.75, 2, 11], "texture": "#0"},
				"south": {"uv": [5.75, 12.25, 6, 12.5], "texture": "#0"},
				"west": {"uv": [0.5, 11.5, 1.25, 11.75], "texture": "#0"},
				"up": {"uv": [1.5, 12.25, 1.25, 11.5], "texture": "#0"},
				"down": {"uv": [1.75, 11.5, 1.5, 12.25], "texture": "#0"}
			}
		},
		{
			"from": [4, 7, 8],
			"to": [8, 8, 9],
			"faces": {
				"north": {"uv": [11.25, 7.25, 12.25, 7.5], "texture": "#0"},
				"east": {"uv": [7.25, 12.25, 7.5, 12.5], "texture": "#0"},
				"south": {"uv": [11.25, 7.5, 12.25, 7.75], "texture": "#0"},
				"west": {"uv": [12.25, 7.25, 12.5, 7.5], "texture": "#0"},
				"up": {"uv": [12.25, 8, 11.25, 7.75], "texture": "#0"},
				"down": {"uv": [12.25, 8, 11.25, 8.25], "texture": "#0"}
			}
		},
		{
			"from": [8, 4, 8],
			"to": [9, 7, 9],
			"faces": {
				"north": {"uv": [1.75, 11.5, 2, 12.25], "texture": "#0"},
				"east": {"uv": [2, 11.5, 2.25, 12.25], "texture": "#0"},
				"south": {"uv": [2.25, 11.5, 2.5, 12.25], "texture": "#0"},
				"west": {"uv": [2.5, 11.5, 2.75, 12.25], "texture": "#0"},
				"up": {"uv": [12.5, 7.75, 12.25, 7.5], "texture": "#0"},
				"down": {"uv": [8, 12.25, 7.75, 12.5], "texture": "#0"}
			}
		},
		{
			"from": [9, 0, 8],
			"to": [10, 3, 9],
			"faces": {
				"north": {"uv": [2.75, 11.5, 3, 12.25], "texture": "#0"},
				"east": {"uv": [3, 11.5, 3.25, 12.25], "texture": "#0"},
				"south": {"uv": [3.25, 11.5, 3.5, 12.25], "texture": "#0"},
				"west": {"uv": [11.5, 3.5, 11.75, 4.25], "texture": "#0"},
				"up": {"uv": [12.5, 8, 12.25, 7.75], "texture": "#0"},
				"down": {"uv": [8.25, 12.25, 8, 12.5], "texture": "#0"}
			}
		},
		{
			"from": [7, 0, 8],
			"to": [8, 3, 9],
			"faces": {
				"north": {"uv": [11.5, 4.25, 11.75, 5], "texture": "#0"},
				"east": {"uv": [5.5, 11.5, 5.75, 12.25], "texture": "#0"},
				"south": {"uv": [5.75, 11.5, 6, 12.25], "texture": "#0"},
				"west": {"uv": [7, 11.5, 7.25, 12.25], "texture": "#0"},
				"up": {"uv": [12.5, 8.25, 12.25, 8], "texture": "#0"},
				"down": {"uv": [8.5, 12.25, 8.25, 12.5], "texture": "#0"}
			}
		},
		{
			"from": [9, 0, 7],
			"to": [10, 1, 8],
			"faces": {
				"north": {"uv": [12.25, 8.25, 12.5, 8.5], "texture": "#0"},
				"east": {"uv": [8.5, 12.25, 8.75, 12.5], "texture": "#0"},
				"south": {"uv": [12.25, 8.5, 12.5, 8.75], "texture": "#0"},
				"west": {"uv": [8.75, 12.25, 9, 12.5], "texture": "#0"},
				"up": {"uv": [9.25, 12.5, 9, 12.25], "texture": "#0"},
				"down": {"uv": [9.5, 12.25, 9.25, 12.5], "texture": "#0"}
			}
		},
		{
			"from": [7, 0, 7],
			"to": [8, 1, 8],
			"faces": {
				"north": {"uv": [9.5, 12.25, 9.75, 12.5], "texture": "#0"},
				"east": {"uv": [12.25, 9.5, 12.5, 9.75], "texture": "#0"},
				"south": {"uv": [9.75, 12.25, 10, 12.5], "texture": "#0"},
				"west": {"uv": [10, 12.25, 10.25, 12.5], "texture": "#0"},
				"up": {"uv": [10.5, 12.5, 10.25, 12.25], "texture": "#0"},
				"down": {"uv": [10.75, 12.25, 10.5, 12.5], "texture": "#0"}
			}
		},
		{
			"from": [8, 8, 8],
			"to": [9, 12, 9],
			"faces": {
				"north": {"uv": [9.25, 9.75, 9.5, 10.75], "texture": "#0"},
				"east": {"uv": [3.75, 11.25, 4, 12.25], "texture": "#0"},
				"south": {"uv": [4, 11.25, 4.25, 12.25], "texture": "#0"},
				"west": {"uv": [4.25, 11.25, 4.5, 12.25], "texture": "#0"},
				"up": {"uv": [11, 12.5, 10.75, 12.25], "texture": "#0"},
				"down": {"uv": [11.25, 12.25, 11, 12.5], "texture": "#0"}
			}
		},
		{
			"from": [8, 7, 4],
			"to": [9, 8, 8],
			"faces": {
				"north": {"uv": [12.25, 11, 12.5, 11.25], "texture": "#0"},
				"east": {"uv": [11.25, 8.25, 12.25, 8.5], "texture": "#0"},
				"south": {"uv": [11.25, 12.25, 11.5, 12.5], "texture": "#0"},
				"west": {"uv": [11.25, 8.5, 12.25, 8.75], "texture": "#0"},
				"up": {"uv": [9, 12.25, 8.75, 11.25], "texture": "#0"},
				"down": {"uv": [11.5, 8.75, 11.25, 9.75], "texture": "#0"}
			}
		},
		{
			"from": [11, 5, 4],
			"to": [13, 11, 12],
			"faces": {
				"north": {"uv": [9.5, 3.5, 10, 5], "texture": "#0"},
				"east": {"uv": [3.5, 4, 5.5, 5.5], "texture": "#0"},
				"south": {"uv": [9.5, 7.75, 10, 9.25], "texture": "#0"},
				"west": {"uv": [3.5, 5.5, 5.5, 7], "texture": "#0"},
				"up": {"uv": [2.5, 11, 2, 9], "texture": "#0"},
				"down": {"uv": [0.5, 9.5, 0, 11.5], "texture": "#0"}
			}
		},
		{
			"from": [4, 5, 4],
			"to": [6, 11, 12],
			"faces": {
				"north": {"uv": [8.25, 9.5, 8.75, 11], "texture": "#0"},
				"east": {"uv": [5.5, 4, 7.5, 5.5], "texture": "#0"},
				"south": {"uv": [9.5, 9.25, 10, 10.75], "texture": "#0"},
				"west": {"uv": [5.5, 5.5, 7.5, 7], "texture": "#0"},
				"up": {"uv": [1, 11.5, 0.5, 9.5], "texture": "#0"},
				"down": {"uv": [8.25, 9.5, 7.75, 11.5], "texture": "#0"}
			}
		},
		{
			"from": [11, 5, 6],
			"to": [12, 6, 12],
			"faces": {
				"north": {"uv": [12.25, 11.25, 12.5, 11.5], "texture": "#0"},
				"east": {"uv": [11, 3.25, 12.5, 3.5], "texture": "#0"},
				"south": {"uv": [11.5, 12.25, 11.75, 12.5], "texture": "#0"},
				"west": {"uv": [9.25, 11, 10.75, 11.25], "texture": "#0"},
				"up": {"uv": [9, 6.5, 8.75, 5], "texture": "#0"},
				"down": {"uv": [1.25, 9.5, 1, 11], "texture": "#0"}
			}
		},
		{
			"from": [5, 4, 5],
			"to": [6, 5, 11],
			"faces": {
				"north": {"uv": [12.25, 11.5, 12.5, 11.75], "texture": "#0"},
				"east": {"uv": [11, 10.25, 12.5, 10.5], "texture": "#0"},
				"south": {"uv": [11.75, 12.25, 12, 12.5], "texture": "#0"},
				"west": {"uv": [11, 10.5, 12.5, 10.75], "texture": "#0"},
				"up": {"uv": [7.75, 12, 7.5, 10.5], "texture": "#0"},
				"down": {"uv": [4.75, 10.75, 4.5, 12.25], "texture": "#0"}
			}
		},
		{
			"from": [11, 4, 5],
			"to": [12, 5, 11],
			"faces": {
				"north": {"uv": [12.25, 11.75, 12.5, 12], "texture": "#0"},
				"east": {"uv": [10.75, 11, 12.25, 11.25], "texture": "#0"},
				"south": {"uv": [12, 12.25, 12.25, 12.5], "texture": "#0"},
				"west": {"uv": [11, 10.75, 12.5, 11], "texture": "#0"},
				"up": {"uv": [5, 12.25, 4.75, 10.75], "texture": "#0"},
				"down": {"uv": [5.25, 10.75, 5, 12.25], "texture": "#0"}
			}
		},
		{
			"from": [6, 4, 4],
			"to": [11, 5, 12],
			"faces": {
				"north": {"uv": [1, 11.25, 2.25, 11.5], "texture": "#0"},
				"east": {"uv": [10.25, 1.75, 12.25, 2], "texture": "#0"},
				"south": {"uv": [11.25, 1, 12.5, 1.25], "texture": "#0"},
				"west": {"uv": [10.25, 2, 12.25, 2.25], "texture": "#0"},
				"up": {"uv": [1.25, 8, 0, 6], "texture": "#0"},
				"down": {"uv": [7.25, 0, 6, 2], "texture": "#0"}
			}
		},
		{
			"from": [6, 3, 5],
			"to": [11, 4, 11],
			"faces": {
				"north": {"uv": [11.25, 1.25, 12.5, 1.5], "texture": "#0"},
				"east": {"uv": [11.25, 0.5, 12.75, 0.75], "texture": "#0"},
				"south": {"uv": [2.25, 11.25, 3.5, 11.5], "texture": "#0"},
				"west": {"uv": [11.25, 0.75, 12.75, 1], "texture": "#0"},
				"up": {"uv": [8.75, 6.5, 7.5, 5], "texture": "#0"},
				"down": {"uv": [9, 1.75, 7.75, 3.25], "texture": "#0"}
			}
		},
		{
			"from": [5, 11, 4],
			"to": [12, 12, 12],
			"faces": {
				"north": {"uv": [10.25, 2.5, 12, 2.75], "texture": "#0"},
				"east": {"uv": [10.25, 2.25, 12.25, 2.5], "texture": "#0"},
				"south": {"uv": [9.25, 10.75, 11, 11], "texture": "#0"},
				"west": {"uv": [2.5, 10.25, 4.5, 10.5], "texture": "#0"},
				"up": {"uv": [1.75, 6, 0, 4], "texture": "#0"},
				"down": {"uv": [3.5, 4, 1.75, 6], "texture": "#0"}
			}
		},
		{
			"from": [6, 12, 5],
			"to": [11, 14, 11],
			"faces": {
				"north": {"uv": [10, 7.75, 11.25, 8.25], "texture": "#0"},
				"east": {"uv": [2.5, 9.75, 4, 10.25], "texture": "#0"},
				"south": {"uv": [10, 8.25, 11.25, 8.75], "texture": "#0"},
				"west": {"uv": [4, 9.75, 5.5, 10.25], "texture": "#0"},
				"up": {"uv": [9, 8, 7.75, 6.5], "texture": "#0"},
				"down": {"uv": [1.25, 8, 0, 9.5], "texture": "#0"}
			}
		},
		{
			"from": [6, 13, 6],
			"to": [11, 15, 10],
			"faces": {
				"north": {"uv": [10, 8.75, 11.25, 9.25], "texture": "#0"},
				"east": {"uv": [4.5, 10.25, 5.5, 10.75], "texture": "#0"},
				"south": {"uv": [10, 9.25, 11.25, 9.75], "texture": "#0"},
				"west": {"uv": [10.25, 5, 11.25, 5.5], "texture": "#0"},
				"up": {"uv": [10.25, 2.75, 9, 1.75], "texture": "#0"},
				"down": {"uv": [10.25, 6.75, 9, 7.75], "texture": "#0"}
			}
		},
		{
			"from": [11, 12, 6],
			"to": [12, 14, 10],
			"faces": {
				"north": {"uv": [7.5, 6.5, 7.75, 7], "texture": "#0"},
				"east": {"uv": [10.25, 5.5, 11.25, 6], "texture": "#0"},
				"south": {"uv": [6.25, 8.25, 6.5, 8.75], "texture": "#0"},
				"west": {"uv": [10.25, 6, 11.25, 6.5], "texture": "#0"},
				"up": {"uv": [9.25, 12.25, 9, 11.25], "texture": "#0"},
				"down": {"uv": [9.5, 11.25, 9.25, 12.25], "texture": "#0"}
			}
		},
		{
			"from": [5, 12, 6],
			"to": [6, 14, 10],
			"faces": {
				"north": {"uv": [9, 2.75, 9.25, 3.25], "texture": "#0"},
				"east": {"uv": [10.25, 6.75, 11.25, 7.25], "texture": "#0"},
				"south": {"uv": [9.25, 2.75, 9.5, 3.25], "texture": "#0"},
				"west": {"uv": [10.25, 7.25, 11.25, 7.75], "texture": "#0"},
				"up": {"uv": [9.75, 12.25, 9.5, 11.25], "texture": "#0"},
				"down": {"uv": [10, 11.25, 9.75, 12.25], "texture": "#0"}
			}
		},
		{
			"from": [12, 11, 6],
			"to": [13, 13, 10],
			"faces": {
				"north": {"uv": [6, 10, 6.25, 10.5], "texture": "#0"},
				"east": {"uv": [10, 10.25, 11, 10.75], "texture": "#0"},
				"south": {"uv": [11.5, 11.75, 11.75, 12.25], "texture": "#0"},
				"west": {"uv": [2.5, 10.5, 3.5, 11], "texture": "#0"},
				"up": {"uv": [10.25, 12.25, 10, 11.25], "texture": "#0"},
				"down": {"uv": [10.5, 11.25, 10.25, 12.25], "texture": "#0"}
			}
		},
		{
			"from": [4, 11, 6],
			"to": [5, 13, 10],
			"faces": {
				"north": {"uv": [11.75, 11.75, 12, 12.25], "texture": "#0"},
				"east": {"uv": [3.5, 10.5, 4.5, 11], "texture": "#0"},
				"south": {"uv": [0.5, 12, 0.75, 12.5], "texture": "#0"},
				"west": {"uv": [10.5, 3.5, 11.5, 4], "texture": "#0"},
				"up": {"uv": [10.75, 12.25, 10.5, 11.25], "texture": "#0"},
				"down": {"uv": [11, 11.25, 10.75, 12.25], "texture": "#0"}
			}
		},
		{
			"from": [13, 10, 6],
			"to": [14, 12, 10],
			"faces": {
				"north": {"uv": [0.75, 12, 1, 12.5], "texture": "#0"},
				"east": {"uv": [10.5, 4, 11.5, 4.5], "texture": "#0"},
				"south": {"uv": [1, 12, 1.25, 12.5], "texture": "#0"},
				"west": {"uv": [10.5, 4.5, 11.5, 5], "texture": "#0"},
				"up": {"uv": [11.25, 12.25, 11, 11.25], "texture": "#0"},
				"down": {"uv": [11.5, 11.25, 11.25, 12.25], "texture": "#0"}
			}
		},
		{
			"from": [3, 10, 6],
			"to": [4, 12, 10],
			"faces": {
				"north": {"uv": [7.5, 12, 7.75, 12.5], "texture": "#0"},
				"east": {"uv": [6, 10.5, 7, 11], "texture": "#0"},
				"south": {"uv": [12, 11.75, 12.25, 12.25], "texture": "#0"},
				"west": {"uv": [10.75, 0, 11.75, 0.5], "texture": "#0"},
				"up": {"uv": [0.25, 12.5, 0, 11.5], "texture": "#0"},
				"down": {"uv": [0.5, 11.5, 0.25, 12.5], "texture": "#0"}
			}
		},
		{
			"from": [13, 6, 5],
			"to": [14, 10, 11],
			"faces": {
				"north": {"uv": [7.25, 11.5, 7.5, 12.25], "texture": "#0"},
				"east": {"uv": [6, 3.25, 7.5, 4], "texture": "#0"},
				"south": {"uv": [7.75, 11.5, 8, 12.25], "texture": "#0"},
				"west": {"uv": [9.25, 0, 10.75, 0.75], "texture": "#0"},
				"up": {"uv": [5.5, 12.25, 5.25, 10.75], "texture": "#0"},
				"down": {"uv": [6.25, 11, 6, 12.5], "texture": "#0"}
			}
		},
		{
			"from": [3, 6, 5],
			"to": [4, 10, 11],
			"faces": {
				"north": {"uv": [8, 11.5, 8.25, 12.25], "texture": "#0"},
				"east": {"uv": [9.25, 0.75, 10.75, 1.5], "texture": "#0"},
				"south": {"uv": [11.5, 8.75, 11.75, 9.5], "texture": "#0"},
				"west": {"uv": [9.5, 2.75, 11, 3.5], "texture": "#0"},
				"up": {"uv": [6.5, 12.5, 6.25, 11], "texture": "#0"},
				"down": {"uv": [6.75, 11, 6.5, 12.5], "texture": "#0"}
			}
		},
		{
			"from": [5, 5, 3],
			"to": [12, 10, 4],
			"faces": {
				"north": {"uv": [1.25, 6, 3, 7.25], "texture": "#0"},
				"east": {"uv": [6.75, 11, 7, 12.25], "texture": "#0"},
				"south": {"uv": [6, 2, 7.75, 3.25], "texture": "#0"},
				"west": {"uv": [8.25, 11, 8.5, 12.25], "texture": "#0"},
				"up": {"uv": [2.75, 11.25, 1, 11], "texture": "#0"},
				"down": {"uv": [4.5, 11, 2.75, 11.25], "texture": "#0"}
			}
		},
		{
			"from": [7, 11, 12],
			"to": [10, 12, 13],
			"faces": {
				"north": {"uv": [11.5, 9.5, 12.25, 9.75], "texture": "#0"},
				"east": {"uv": [12.25, 12, 12.5, 12.25], "texture": "#0"},
				"south": {"uv": [11.5, 11.25, 12.25, 11.5], "texture": "#0"},
				"west": {"uv": [12.25, 12.25, 12.5, 12.5], "texture": "#0"},
				"up": {"uv": [12.25, 11.75, 11.5, 11.5], "texture": "#0"},
				"down": {"uv": [12.5, 0, 11.75, 0.25], "texture": "#0"}
			}
		},
		{
			"from": [6, 10, 12],
			"to": [11, 11, 13],
			"faces": {
				"north": {"uv": [11.25, 5, 12.5, 5.25], "texture": "#0"},
				"east": {"uv": [0, 12.5, 0.25, 12.75], "texture": "#0"},
				"south": {"uv": [11.25, 5.25, 12.5, 5.5], "texture": "#0"},
				"west": {"uv": [12.5, 0, 12.75, 0.25], "texture": "#0"},
				"up": {"uv": [12.5, 5.75, 11.25, 5.5], "texture": "#0"},
				"down": {"uv": [12.5, 5.75, 11.25, 6], "texture": "#0"}
			}
		},
		{
			"from": [5, 5, 12],
			"to": [12, 10, 13],
			"faces": {
				"north": {"uv": [3, 7, 4.75, 8.25], "texture": "#0"},
				"east": {"uv": [8.5, 11, 8.75, 12.25], "texture": "#0"},
				"south": {"uv": [4.75, 7, 6.5, 8.25], "texture": "#0"},
				"west": {"uv": [3.5, 11.25, 3.75, 12.5], "texture": "#0"},
				"up": {"uv": [12.75, 3, 11, 2.75], "texture": "#0"},
				"down": {"uv": [12.75, 3, 11, 3.25], "texture": "#0"}
			}
		},
		{
			"from": [6, 10, 3],
			"to": [11, 11, 4],
			"faces": {
				"north": {"uv": [11.25, 6, 12.5, 6.25], "texture": "#0"},
				"east": {"uv": [0.25, 12.5, 0.5, 12.75], "texture": "#0"},
				"south": {"uv": [11.25, 6.25, 12.5, 6.5], "texture": "#0"},
				"west": {"uv": [12.5, 0.25, 12.75, 0.5], "texture": "#0"},
				"up": {"uv": [12.5, 7, 11.25, 6.75], "texture": "#0"},
				"down": {"uv": [12.5, 7, 11.25, 7.25], "texture": "#0"}
			}
		},
		{
			"from": [7, 12, 4],
			"to": [10, 13, 5],
			"faces": {
				"north": {"uv": [11.75, 0.25, 12.5, 0.5], "texture": "#0"},
				"east": {"uv": [0.5, 12.5, 0.75, 12.75], "texture": "#0"},
				"south": {"uv": [0.5, 11.75, 1.25, 12], "texture": "#0"},
				"west": {"uv": [0.75, 12.5, 1, 12.75], "texture": "#0"},
				"up": {"uv": [12.5, 1.75, 11.75, 1.5], "texture": "#0"},
				"down": {"uv": [12.5, 3.5, 11.75, 3.75], "texture": "#0"}
			}
		},
		{
			"from": [7, 12, 11],
			"to": [10, 13, 12],
			"faces": {
				"north": {"uv": [11.75, 3.75, 12.5, 4], "texture": "#0"},
				"east": {"uv": [1, 12.5, 1.25, 12.75], "texture": "#0"},
				"south": {"uv": [11.75, 4, 12.5, 4.25], "texture": "#0"},
				"west": {"uv": [12.5, 1, 12.75, 1.25], "texture": "#0"},
				"up": {"uv": [12.5, 4.5, 11.75, 4.25], "texture": "#0"},
				"down": {"uv": [12.5, 4.5, 11.75, 4.75], "texture": "#0"}
			}
		},
		{
			"from": [7, 11, 3],
			"to": [10, 12, 4],
			"faces": {
				"north": {"uv": [11.75, 4.75, 12.5, 5], "texture": "#0"},
				"east": {"uv": [1.25, 12.5, 1.5, 12.75], "texture": "#0"},
				"south": {"uv": [11.75, 8.75, 12.5, 9], "texture": "#0"},
				"west": {"uv": [12.5, 1.25, 12.75, 1.5], "texture": "#0"},
				"up": {"uv": [12.5, 9.25, 11.75, 9], "texture": "#0"},
				"down": {"uv": [12.5, 9.25, 11.75, 9.5], "texture": "#0"}
			}
		}
	],
	"display": {
		"thirdperson_righthand": {
			"rotation": [90, 0, 0],
			"translation": [-6.5, -2, 0.75],
			"scale": [1.5, 1.5, 1.5]
		},
		"head": {
			"translation": [-1, 12, 0],
			"scale": [1.5, 1.5, 1.5]
		}
	},
	"groups": [
		{
			"name": "blusa br",
			"origin": [0, 0, 0],
			"color": 0,
			"nbt": "{}",
			"children": [0, 1, 2, 3, 4, 5, 6, 7, 8, 9, 10, 11, 12, 13, 14, 15, 16, 17, 18, 19]
		},
		{
			"name": "ovo",
			"origin": [8, 8, 8],
			"color": 0,
			"nbt": "{}",
			"children": [20, 21, 22, 23, 24, 25, 26, 27, 28, 29, 30, 31, 32, 33, 34, 35, 36, 37, 38, 39, 40, 41, 42, 43, 44, 45, 46, 47, 48, 49, 50, 51, 52, 53, 54]
		}
	]
}