{
	"credit": "Made with Blockbench",
	"texture_size": [64, 64],
	"textures": {
		"0": "item/teleport",
		"particle": "teleport"
	},
	"elements": [
		{
			"from": [2, 0, 2],
			"to": [14, 1, 14],
			"faces": {
				"north": {"uv": [10, 7.25, 13, 7.5], "texture": "#0"},
				"east": {"uv": [10, 7.5, 13, 7.75], "texture": "#0"},
				"south": {"uv": [10, 7.75, 13, 8], "texture": "#0"},
				"west": {"uv": [10, 8, 13, 8.25], "texture": "#0"},
				"up": {"uv": [3, 3, 0, 0], "texture": "#0"},
				"down": {"uv": [3, 3, 0, 6], "texture": "#0"}
			}
		},
		{
			"from": [3, 1, 3],
			"to": [13, 2, 13],
			"faces": {
				"north": {"uv": [10, 9.25, 12.5, 9.5], "texture": "#0"},
				"east": {"uv": [10, 9.5, 12.5, 9.75], "texture": "#0"},
				"south": {"uv": [10, 9.75, 12.5, 10], "texture": "#0"},
				"west": {"uv": [10, 10, 12.5, 10.25], "texture": "#0"},
				"up": {"uv": [2.5, 8.5, 0, 6], "texture": "#0"},
				"down": {"uv": [8.5, 0, 6, 2.5], "texture": "#0"}
			}
		},
		{
			"from": [2, 19, 2],
			"to": [14, 20, 14],
			"faces": {
				"north": {"uv": [10, 8.25, 13, 8.5], "texture": "#0"},
				"east": {"uv": [10, 8.5, 13, 8.75], "texture": "#0"},
				"south": {"uv": [10, 8.75, 13, 9], "texture": "#0"},
				"west": {"uv": [10, 9, 13, 9.25], "texture": "#0"},
				"up": {"uv": [6, 3, 3, 0], "texture": "#0"},
				"down": {"uv": [6, 3, 3, 6], "texture": "#0"}
			}
		},
		{
			"from": [7, 31, 3],
			"to": [9, 32, 13],
			"faces": {
				"north": {"uv": [6, 5, 6.5, 5.25], "texture": "#0"},
				"east": {"uv": [10.5, 0.5, 13, 0.75], "texture": "#0"},
				"south": {"uv": [6, 5.25, 6.5, 5.5], "texture": "#0"},
				"west": {"uv": [10.5, 0.75, 13, 1], "texture": "#0"},
				"up": {"uv": [5, 11, 4.5, 8.5], "texture": "#0"},
				"down": {"uv": [10, 5.5, 9.5, 8], "texture": "#0"}
			}
		},
		{
			"from": [7, 31, 3],
			"to": [9, 32, 13],
			"faces": {
				"north": {"uv": [9, 11, 9.5, 11.25], "texture": "#0"},
				"east": {"uv": [10.5, 1.5, 13, 1.75], "texture": "#0"},
				"south": {"uv": [10, 11, 10.5, 11.25], "texture": "#0"},
				"west": {"uv": [10.5, 1.75, 13, 2], "texture": "#0"},
				"up": {"uv": [2, 12.5, 1.5, 10], "texture": "#0"},
				"down": {"uv": [2.5, 10, 2, 12.5], "texture": "#0"}
			}
		},
		{
			"from": [5, 25, 5],
			"to": [11, 30, 11],
			"faces": {
				"north": {"uv": [8.5, 3, 10, 4.25], "texture": "#0"},
				"east": {"uv": [6.5, 9, 8, 10.25], "texture": "#0"},
				"south": {"uv": [8, 9, 9.5, 10.25], "texture": "#0"},
				"west": {"uv": [9.5, 4.25, 11, 5.5], "texture": "#0"},
				"up": {"uv": [10, 1.5, 8.5, 0], "texture": "#0"},
				"down": {"uv": [3, 8.5, 1.5, 10], "texture": "#0"}
			}
		},
		{
			"from": [7, 23, 3],
			"to": [9, 24, 13],
			"faces": {
				"north": {"uv": [6, 5.5, 6.5, 5.75], "texture": "#0"},
				"east": {"uv": [10.5, 1, 13, 1.25], "texture": "#0"},
				"south": {"uv": [6, 5.75, 6.5, 6], "texture": "#0"},
				"west": {"uv": [10.5, 1.25, 13, 1.5], "texture": "#0"},
				"up": {"uv": [10, 10.5, 9.5, 8], "texture": "#0"},
				"down": {"uv": [10.5, 0, 10, 2.5], "texture": "#0"}
			}
		},
		{
			"from": [7, 24, 3],
			"to": [9, 31, 4],
			"faces": {
				"north": {"uv": [2.5, 10, 3, 11.75], "texture": "#0"},
				"east": {"uv": [7, 10.5, 7.25, 12.25], "texture": "#0"},
				"south": {"uv": [10, 2.5, 10.5, 4.25], "texture": "#0"},
				"west": {"uv": [7.25, 10.5, 7.5, 12.25], "texture": "#0"},
				"up": {"uv": [6.5, 10.25, 6, 10], "texture": "#0"},
				"down": {"uv": [9, 10.75, 8.5, 11], "texture": "#0"}
			}
		},
		{
			"from": [9, 31, 7],
			"to": [13, 32, 9],
			"faces": {
				"north": {"uv": [10.5, 6, 11.5, 6.25], "texture": "#0"},
				"east": {"uv": [11, 4.5, 11.5, 4.75], "texture": "#0"},
				"south": {"uv": [10.5, 6.25, 11.5, 6.5], "texture": "#0"},
				"west": {"uv": [11, 4.75, 11.5, 5], "texture": "#0"},
				"up": {"uv": [11.5, 2.5, 10.5, 2], "texture": "#0"},
				"down": {"uv": [11.5, 2.5, 10.5, 3], "texture": "#0"}
			}
		},
		{
			"from": [9, 23, 7],
			"to": [13, 24, 9],
			"faces": {
				"north": {"uv": [8.5, 4.75, 9.5, 5], "texture": "#0"},
				"east": {"uv": [11, 4.25, 11.5, 4.5], "texture": "#0"},
				"south": {"uv": [10.5, 4, 11.5, 4.25], "texture": "#0"},
				"west": {"uv": [4.5, 11, 5, 11.25], "texture": "#0"},
				"up": {"uv": [9.5, 4.75, 8.5, 4.25], "texture": "#0"},
				"down": {"uv": [9.5, 10.25, 8.5, 10.75], "texture": "#0"}
			}
		},
		{
			"from": [3, 31, 7],
			"to": [7, 32, 9],
			"faces": {
				"north": {"uv": [10.5, 7, 11.5, 7.25], "texture": "#0"},
				"east": {"uv": [6, 11, 6.5, 11.25], "texture": "#0"},
				"south": {"uv": [10, 10.5, 11, 10.75], "texture": "#0"},
				"west": {"uv": [6.5, 11, 7, 11.25], "texture": "#0"},
				"up": {"uv": [11.5, 6, 10.5, 5.5], "texture": "#0"},
				"down": {"uv": [7, 10.5, 6, 11], "texture": "#0"}
			}
		},
		{
			"from": [3, 23, 7],
			"to": [7, 24, 9],
			"faces": {
				"north": {"uv": [10.5, 6.5, 11.5, 6.75], "texture": "#0"},
				"east": {"uv": [11, 5, 11.5, 5.25], "texture": "#0"},
				"south": {"uv": [10.5, 6.75, 11.5, 7], "texture": "#0"},
				"west": {"uv": [11, 5.25, 11.5, 5.5], "texture": "#0"},
				"up": {"uv": [11.5, 3.5, 10.5, 3], "texture": "#0"},
				"down": {"uv": [11.5, 3.5, 10.5, 4], "texture": "#0"}
			}
		},
		{
			"from": [12, 24, 7],
			"to": [13, 31, 9],
			"faces": {
				"north": {"uv": [8, 10.5, 8.25, 12.25], "texture": "#0"},
				"east": {"uv": [4, 10, 4.5, 11.75], "texture": "#0"},
				"south": {"uv": [8.25, 10.5, 8.5, 12.25], "texture": "#0"},
				"west": {"uv": [5, 10, 5.5, 11.75], "texture": "#0"},
				"up": {"uv": [10.75, 11.25, 10.5, 10.75], "texture": "#0"},
				"down": {"uv": [11, 10.75, 10.75, 11.25], "texture": "#0"}
			}
		},
		{
			"from": [3, 24, 7],
			"to": [4, 31, 9],
			"faces": {
				"north": {"uv": [9.5, 10.5, 9.75, 12.25], "texture": "#0"},
				"east": {"uv": [5.5, 10, 6, 11.75], "texture": "#0"},
				"south": {"uv": [9.75, 10.5, 10, 12.25], "texture": "#0"},
				"west": {"uv": [10, 5.5, 10.5, 7.25], "texture": "#0"},
				"up": {"uv": [8.75, 11.5, 8.5, 11], "texture": "#0"},
				"down": {"uv": [9, 11, 8.75, 11.5], "texture": "#0"}
			}
		},
		{
			"from": [7, 24, 12],
			"to": [9, 31, 13],
			"faces": {
				"north": {"uv": [3, 10, 3.5, 11.75], "texture": "#0"},
				"east": {"uv": [7.5, 10.5, 7.75, 12.25], "texture": "#0"},
				"south": {"uv": [3.5, 10, 4, 11.75], "texture": "#0"},
				"west": {"uv": [7.75, 10.5, 8, 12.25], "texture": "#0"},
				"up": {"uv": [9.5, 11, 9, 10.75], "texture": "#0"},
				"down": {"uv": [10.5, 10.75, 10, 11], "texture": "#0"}
			}
		},
		{
			"from": [3, 18, 3],
			"to": [13, 19, 13],
			"faces": {
				"north": {"uv": [6, 10.25, 8.5, 10.5], "texture": "#0"},
				"east": {"uv": [10, 10.25, 12.5, 10.5], "texture": "#0"},
				"south": {"uv": [10.5, 0, 13, 0.25], "texture": "#0"},
				"west": {"uv": [10.5, 0.25, 13, 0.5], "texture": "#0"},
				"up": {"uv": [5, 8.5, 2.5, 6], "texture": "#0"},
				"down": {"uv": [8.5, 2.5, 6, 5], "texture": "#0"}
			}
		},
		{
			"from": [5, 2, 5],
			"to": [11, 18, 11],
			"faces": {
				"north": {"uv": [5, 6, 6.5, 10], "texture": "#0"},
				"east": {"uv": [6.5, 5, 8, 9], "texture": "#0"},
				"south": {"uv": [8, 5, 9.5, 9], "texture": "#0"},
				"west": {"uv": [0, 8.5, 1.5, 12.5], "texture": "#0"},
				"up": {"uv": [10, 3, 8.5, 1.5], "texture": "#0"},
				"down": {"uv": [4.5, 8.5, 3, 10], "texture": "#0"}
			}
		}
	],
	"display": {
		"thirdperson_righthand": {
			"rotation": [31.75, 0, 0],
			"translation": [0, -1, 0.25],
			"scale": [0.3, 0.3, 0.3]
		},
		"thirdperson_lefthand": {
			"rotation": [31.75, 0, 0],
			"translation": [0, -1, 0.25],
			"scale": [0.3, 0.3, 0.3]
		},
		"firstperson_righthand": {
			"scale": [0.5, 0.5, 0.5]
		},
		"firstperson_lefthand": {
			"scale": [0.5, 0.5, 0.5]
		},
		"ground": {
			"translation": [0, 0.25, 0],
			"scale": [0.5, 0.5, 0.5]
		},
		"gui": {
			"translation": [0, -3.5, 0],
			"scale": [0.4, 0.4, 0.4]
		},
		"head": {
			"translation": [0, -31, 0],
			"scale": [1.5, 1.5, 1.5]
		},
		"fixed": {
			"rotation": [-90, 0, 0],
			"translation": [0, 0, -17],
			"scale": [2.4, 2.4, 2.4]
		}
	}
}